Q8WCJ7,MTNIRKTHPLMKIINSSFIDLPTPSNISSWWNFGSLLGICLIIQILTGLFLAMHYTSDTMTAFSSVTHICRDVNYGWLIRYLHANGASMFFICLFLHVGRGLYYGSYMFMETWNIGVLLLFAVMATAFMGYVLPWGQMSFWGATVITNLLSAIPYIGSDLVQWIWGGFSVDKATLTRFFAFHFILPFVIAALAGVHLLFLHETGSNNPSGLPSDADKIPFHPYYTIKDILGILLLILVLTCLVLFSPDLLGDPDNYTPANPLNTPPHIKPEWYFLFAYAILRSIPNKLGGVLALVLSILILAFIPLLHTSKQRSMMFRPLSQCLFWILVADLLTLTWIGGQPVEHPFIIIGQLASILYFMLLLVIMPITSLLENNLLKW
P36861,MARIPGRPDYDALIKLLLVGDSGVGKSCLLLRFTDDMFTSSFITTIGIDFKIKKVDVDGKLVKLQIWDTAGQERFRTITSAYYRGAQGIILVYDITDEASFNNVRNWMRNIEQHASDNVNKILVGNKLDLAEDKRVVSIARGQALADEFGFRFYETSAKDNVHVEEAFIAVAKDVLARMEGEHANQQLLQQQQLSAAQPVRLTSGSPSPAQGKSCCR
Q72LS6,MFDKIKNFSEILSNMGSFREKMEEVKKRIASIRVVGDAGAGMVTVTASGEGQITNVFINKQLFDADDNKMLEDLVMAATNDALKKAKEATAYEFQSASGGLDFSEISKMFGGKFG
Q4R534,MRKSPGLSDYLWAWILLLSTLTGRSYGQPSLQDELKDNTTVFTRILDRLLDGYDNRLRPGLGERVTEVKTDIFVTSFGPVSDHDMEYTIDVFFRQSWKDERLKFKGPMTVLRLNNLMASKIWTPDTFFHNGKKSVAHNMTMPNKLLRITEDGTLLYTMRLTVRAECPMHLEDFPMDAHACPLKFGSYAYTRAEVVYEWTREPARSVVVAEDGSRLNQYDLLGQTVDSGIVQSSTGEYVVMTTHFHLKRKIGYFVIQTYLPCIMTVILSQVSFWLNRESVPARTVFGVTTVLTMTTLSISARNSLPKVAYATAMDWFIAVCYAFVFSALIEFATVNYFTKRGYAWDGKSVVPEKPKKVKDPLIKKNNTYAPTATSYTPNLARGDPGLATIAKSATIEPKEVKPETKPPEPKKTFNSVSKIDRLSRIAFPLLFGIFNLVYWATYLNREPQLKAPTPHQ
C1B5J0,MITASPQEIAHKLGSGLLSFPVTHFTDDHSFDEAAYRENIGWLGQFDASGLFAAGGTGEFFSLTPPEVEQVVRAAVQEAPDGLPVIAPAGYGTATAVQMARSAESAGAHGILLLPPYLTEASQDGLVAHVKEVCAATTLGVTIYSRANAVYTEAAVAELADSCPNLVGFKDGVGNIEQMTRIYASLGDRLTYVGGLPTAEMFALPYLALGVTTYSSAIYNFVPQFALDFYNALRSGDNAFVVNALNDFVIPYCNLRNKKQGYAVSIIKAGMKVIDRPAGPVRPPLTDLDAVELAELADLIKKVS
B8D7R4,MPDISLKVLSNEIKISIQELIKELSIIGITKTEDNYINVLEKNILLKHLESKKKYSLDTLVLQRKTRSTLRISTVGGKNKSVQVEVRKKRAYVKNNKFENESFLNEKKVIKHSMQKTSSLKNKEKKYIKNIEKIELNKSDSRSLNTKKENKLKISNKDEQNKKFNQHRESNSFDLNHKKRIKENKDIRISHKEEKQDYHLTTFLHARQAEDENDREVEIDKRNHGRILKNYRQKKNNKNFHNGRYNKEEIRTFNRNKKNSKQKNKPILLQQVFQKPESIINRDVIISNTITVSDLANKMAIKSSEVIKNMMNMGIIGTINHVLDQDTAQLIAEEMGHKVIVHRENALEELIMKDRDTGNDVSAIRAPVVTIMGHVDHGKTSLLDYIRSTKTAFYEAGGITQNIGAYHVKTDLGSITFLDTPGHSAFTAMRSRGVQITDIVILVVAADDGVMPQTIEAIQHAKEANVPVIVAINKIDKTDSDIDKVRNDLMKYNILSEEWGGENIFVSVSAKTGKGINKLLNVILLQAEMLELKAVTTGMAEGIVVESFLDKGRGPIATVLVKKGQLKKGDVILCGFEYGRIKSLRDASGNEVFSAGPSIPVEVLGLSKVPFSGDVVTVVRDEKKAREVASYRKEKSREKKLSNQNRINLENMFDDINKNNVSELKIILKSDVQGSLEAISGALLKLSTEEVKIKIIGLGIGGITETDASLALASNAIILGFNVRADTSAKKIINSEHLDLRYYSVIYDLLDEVKAAMTGLLSPEYKENIIGLAEVRNTFKSPKFGLIAGCMVTEGVIKRSNPIHILRNNIVIYEGELESLRRFKEDVNEIRNGLECGIGIKNYNDIRVGDIIEVFEVREMKRIL
Q9SRH4,METARLFKLVCVICIASLIPTIRANVADETDEYWVNKANEARKHTLMAYHPDPYEIVDHFHERHYDNSTDVEGTEEEKAVASEEEDVIEMISSPTNSTRRSLTGRGKGKGKGKWSKLTGPCTASNPIDKCWRCQPDWARRRKKLVHCVRGFGYRTTGGKRGRIYVVTSPRDDDMVNPRPGTLRHAVIQKEPLWIVFKHDMSIRLSQELMITSDKTIDARGANVHIAYGAGITMQYVHNIIIHGLHVHHIVKSSGGLIRDSINHFGHRGEADGDGISIFGATNIWLDHISMSKCQDGLIDAIMGSTAITISNSHFTHHNDVMLLGAQNNNMDDKKMQVTVAYNHFGKGLVQRMPRVRWGFVHVVNNDYTHWELYAIGGSQGPTILSHGNRFIAPPHKQHYREVTKRDYASESEWKNWNWRSEKDVFMNNAYFRQSGNPHFKCSHSRQQMIKPKNGMAVSKLTKYAGALDCRVGKAC
B7MGG0,MLNKLSLLLKDAGISLTDHQKNQLIAYVNMLHKWNKAYNLTSVRDPNEMLVRHILDSIVVAPYLQGERFIDVGTGPGLPGIPLSIVRPEAHFTLLDSLGKRVRFLRQVQHELKLENIEPVQSRVEEFPSEPPFDGVISRAFASLNDMVSWCHHLPGEQGRFYALKGQMPEDEIALLPEEYQVESVVKLQVPALDGERHLVVIKANKI
Q5E9X5,MAQRAVWLISHESGTPLGGIVKFSRRYPTVEKRAKVFNGASYVPVPEDGPFLKALLFELRLLDDEKDFLESRDSCSHINKTSIYGVPVGGEELWPVVAFLKNGMIYACVPLVEQTLSPRPPLISISGISQGFELLFGVQDFLSSGQKTDSELNTKLSQLSDLLLQTCPFGTLLDANLQNSLDSINSASVTHLQKQPAWKTGTYKGKPQVSISITEKVNSMQYDKQEIADTWQVVGVVTCKCDLEGSMPNVTISLSLPTNGSPLQDILVHPCVTSLDSAILTSSSIDAMDDSAFSGPYKFPLTPPLESFNLCYYTSQVPVPPILGFYQVKEEEVQLKITVNLKLHESVKNSFEFCEAHIPFYNRGPITHVEYKASFGQLEVFREKSLLVWIIGQKFPKSMEISLSGTITFGAKNHEKQPFDQICIGGTAYLKLHFRILDYTLTGCYVDQHSVQVFASGKPKISTYRKLISSDYYIWNSKAPAPVTYGSLLL
Q3AN00,MSSGTLYDKVWDLHRVAELPGGSTQLFVGLHLIHEVTSPQAFSALKDKGLLVRCPERTVATVDHIVPTTSQQRPFADPLAEEMLSTLERNCQEYGIPLNNIGSGRQGIVHVIAPELGLTQPGMTVACGDSHTSTHGAFGAIAFGIGTSQVRDVLASQSLAMNKLKVRRIQVNGLLPEGVSAKDLILHVIRHLGVKGGVGYAYEFAGSAIEALSMEERMTLCNMAIEGGARCGYVNPDQVTFEYLKGRPHAPEGDAWTRAVAWWSSLATDANATVDDEVVFDAAAIPPTVTWGITPGQGLGIDETVPSLDQLDPGERPIAEEAYRYMDLQPGTAIAGVPVDVCFIGSCTNGRLSDLRAAADVARGRQVAEGIKAFVVPGSEQVAKAAEAEGLDAVFRAAGFEWREPGCSMCLAMNPDRLEGRQISASSSNRNFKGRQGSASGRTLLMSPAMVAAAAVNGRVTDVRTLISPSAS
Q9HCK8,MADPIMDLFDDPNLFGLDSLTDDSFNQVTQDPIEEALGLPSSLDSLDQMNQDGGGGDVGNSSASELVPPPEETAPTELSKESTAPAPESITLHDYTTQPASQEQPAQPVLQTSTPTSGLLQVSKSQEILSQGNPFMGVSATAVSSSSAGGQPPQSAPKIVILKAPPSSSVTGAHVAQIQAQGITSTAQPLVAGTANGGKVTFTKVLTGTPLRPGVSIVSGNTVLAAKVPGNQAAVQRIVQPSRPVKQLVLQPVKGSAPAGNPGATGPPLKPAVTLTSTPTQGESKRITLVLQQPQSGGPQGHRHVVLGSLPGKIVLQGNQLAALTQAKNAQGQPAKVVTIQLQVQQPQQKIQIVPQPPSSQPQPQQPPSTQPVTLSSVQQAQIMGPGQSPGQRLSVPVKVVLQPQAGSSQGASSGLSVVKVLSASEVAALSSPASSAPHSGGKTGMEENRRLEHQKKQEKANRIVAEAIARARARGEQNIPRVLNEDELPSVRPEEEGEKKRRKKSAGERLKEEKPKKSKTSGASKTKGKSKLNTITPVVGKKRKRNTSSDNSDVEVMPAQSPREDEESSIQKRRSNRQVKRKKYTEDLDIKITDDEEEEEVDVTGPIKPEPILPEPVQEPDGETLPSMQFFVENPSEEDAAIVDKVLSMRIVKKELPSGQYTEAEEFFVKYKNYSYLHCEWATISQLEKDKRIHQKLKRFKTKMAQMRHFFHEDEEPFNPDYVEVDRILDESHSIDKDNGEPVIYYLVKWCSLPYEDSTWELKEDVDEGKIREFKRIQSRHPELKRVNRPQASAWKKLELSHEYKNRNQLREYQLEGVNWLLFNWYNRQNCILADEMGLGKTIQSIAFLQEVYNVGIHGPFLVIAPLSTITNWEREFNTWTEMNTIVYHGSLASRQMIQQYEMYCKDSRGRLIPGAYKFDALITTFEMILSDCPELREIEWRCVIIDEAHRLKNRNCKLLDSLKHMDLEHKVLLTGTPLQNTVEELFSLLHFLEPSQFPSESEFLKDFGDLKTEEQVQKLQAILKPMMLRRLKEDVEKNLAPKQETIIEVELTNIQKKYYRAILEKNFSFLSKGAGHTNMPNLLNTMMELRKCCNHPYLINGAEEKILTEFREACHIIPHDFHLQAMVRSAGKLVLIDKLLPKLKAGGHKVLIFSQMVRCLDILEDYLIQRRYLYERIDGRVRGNLRQAAIDRFSKPDSDRFVFLLCTRAGGLGINLTAADTCIIFDSDWNPQNDLQAQARCHRIGQSKAVKVYRLITRNSYEREMFDKASLKLGLDKAVLQSMSGRDGNITGIQQFSKKEIEDLLRKGAYAAIMEEDDEGSKFCEEDIDQILLRRTTTITIESEGKGSTFAKASFVASENRTDISLDDPNFWQKWAKKADLDMDLLNSKNNLVIDTPRVRKQTRHFSTLKDDDLVEFSDLESEDDERPRSRRHDRHHAYGRTDCFRVEKHLLVYGWGRWRDILSHGRFKRRMTERDVETICRAILVYCLLHYRGDENIKGFIWDLISPAENGKTKELQNHSGLSIPVPRGRKGKKVKSQSTFDIHKADWIRKYNPDTLFQDESYKKHLKHQCNKVLLRVRMLYYLRQEVIGDQAEKVLGGAIASEIDIWFPVVDQLEVPTTWWDSEADKSLLIGVFKHGYEKYNTMRADPALCFLEKAGRPDDKAIAAEHRVLDNFSDIVEGVDFDKDCEDPEYKPLQGPPKDQDDEGDPLMMMDEEISVIDGDEAQVTQQPGHLFWPPGSALTARLRRLVTAYQRSYKREQMKIEAAERGDRRRRRCEAAFKLKEIARREKQQRWTRREQTDFYRVVSTFGVEYDPDTMQFHWDRFRTFARLDKKTDESLTKYFHGFVAMCRQVCRLPPAAGDEPPDPNLFIEPITEERASRTLYRIELLRRLREQVLCHPLLEDRLALCQPPGPELPKWWEPVRHDGELLRGAARHGVSQTDCNIMQDPDFSFLAARMNYMQNHQAGAPAPSLSRCSTPLLHQQYTSRTASPLPLRPDAPVEKSPEETATQVPSLESLTLKLEHEVVARSRPTPQDYEMRVSPSDTTPLVSRSVPPVKLEDEDDSDSELDLSKLSPSSSSSSSSSSSSSSTDESEDEKEEKLTDQSRSKLYDEESLLSLTMSQDGFPNEDGEQMTPELLLLQERQRASEWPKDRVLINRIDLVCQAVLSGKWPSSRRSQEMVTGGILGPGNHLLDSPSLTPGEYGDSPVPTPRSSSAASMAEEEASAVSTAAAQFTKLRRGMDEKEFTVQIKDEEGLKLTFQKHKLMANGVMGDGHPLFHKKKGNRKKLVELEVECMEEPNHLDVDLETRIPVINKVDGTLLVGEDAPRRAELEMWLQGHPEFAVDPRFLAYMEDRRKQKWQRCKKNNKAELNCLGMEPVQTANSRNGKKGHHTETVFNRVLPGPIAPESSKKRARRMRPDLSKMMALMQGGSTGSLSLHNTFQHSSSGLQSVSSLGHSSATSASLPFMPFVMGGAPSSPHVDSSTMLHHHHHHPHPHHHHHHHPGLRAPGYPSSPVTTASGTTLRLPPLQPEEDDDEDEEDDDDLSQGYDSSERDFSLIDDPMMPANSDSSEDADD
Q7Z2Y5,MAGPGGWRDREVTDLGHLPDPTGIFSLDKTIGLGTYGRIYLGLHEKTGAFTAVKVMNARKTPLPEIGRRVRVNKYQKSVGWRYSDEEEDLRTELNLLRKYSFHKNIVSFYGAFFKLSPPGQRHQLWMVMELCAAGSVTDVVRMTSNQSLKEDWIAYICREILQGLAHLHAHRVIHRDIKGQNVLLTHNAEVKLVDFGVSAQVSRTNGRRNSFIGTPYWMAPEVIDCDEDPRRSYDYRSDVWSVGITAIEMAEGAPPLCNLQPLEALFVILRESAPTVKSSGWSRKFHNFMEKCTIKNFLFRPTSANMLQHPFVRDIKNERHVVESLTRHLTGIIKKRQKKGIPLIFEREEAIKEQYTVRRFRGPSCTHELLRLPTSSRCRPLRVLHGEPSQPRWLPDREEPQVQALQQLQGAARVFMPLQALDSAPKPLKGQAQAPQRLQGAARVFMPLQAQVKAKASKPLQMQIKAPPRLRRAARVLMPLQAQVRAPRLLQVQSQVSKKQQAQTQTSEPQDLDQVPEEFQGQDQVPEQQRQGQAPEQQQRHNQVPEQELEQNQAPEQPEVQEQAAEPAQAETEAEEPESLRVNAQVFLPLLSQDHHVLLPLHLDTQVLIPVEGQTEGSPQAQAWTLEPPQAIGSVQALIEGLSRDLLRAPNSNNSKPLGPLQTLMENLSSNRFYSQPEQAREKKSKVSTLRQALAKRLSPKRFRAKSSWRPEKLELSDLEARRQRRQRRWEDIFNQHEEELRQVDKDKEDESSDNDEVFHSIQAEVQIEPLKPYISNPKKIEVQERSPSVPNNQDHAHHVKFSSSVPQRSLLEQAQKPIDIRQRSSQNRQNWLAASESSSEEESPVTGRRSQSSPPYSTIDQKLLVDIHVPDGFKVGKISPPVYLTNEWVGYNALSEIFRNDWLTPAPVIQPPEEDGDYVELYDASADTDGDDDDESNDTFEDTYDHANGNDDLDNQVDQANDVCKDHDDDNNKFVDDVNNNYYEAPSCPRASYGRDGSCKQDGYDGSRGKEEAYRGYGSHTANRSHGGSAASEDNAAIGDQEEHAANIGSERRGSEGDGGKGVVRTSEESGALGLNGEENCSETDGPGLKRPASQDFEYLQEEPGGGNEASNAIDSGAAPSAPDHESDNKDISESSTQSDFSANHSSPSKGSGMSADANFASAILYAGFVEVPEESPKQPSEVNVNPLYVSPACKKPLIHMYEKEFTSEICCGSLWGVNLLLGTRSNLYLMDRSGKADITKLIRRRPFRQIQVLEPLNLLITISGHKNRLRVYHLTWLRNKILNNDPESKRRQEEMLKTEEACKAIDKLTGCEHFSVLQHEETTYIAIALKSSIHLYAWAPKSFDESTAIKVCIDQSADSEGDYMSYQAYIRILAKIQAADPVNRFKRPDELLHLLKLKVFPTLDHKPVTVDLAIGSEKRLKIFFSSADGYHLIDAESEVMSDVTLPKNPLEIIIPQNIIILPDCLGIGMMLTFNAEALSVEANEQLFKKILEMWKDIPSSIAFECTQRTTGWGQKAIEVRSLQSRVLESELKRRSIKKLLCTRGDKLFFTSTLRNHHSRVYFMTLGKLEELQSNYDV
G5EGU9,MSKENVVADSWDDADADPVKELMDKVEKVKLLQRKEEKKEAFFEKVKAEESSGVVSKLQTEEGLGPSAEEPKRVFLRRPKDGFAASENVIEASPPTSADTEEQPVTNVRSRSHHKLNQKEKQPAPTYEERQAAYQAARNRILGTEYKPDNQEIKEIKFIDRSKSPETLKMTQQNMVEHYGEELSRELMEQPAEIVPPERQYTPDFTQPPPSVSESGGVYNGPPGFQQKQPNFQPTLQQQSLHQQQYLDNQYMMQMNVQIPIQYHNQTQHQFVPHEASAISTTSQNSNGDGQNDQAIYYYQAPTQQPMNYIPYNLPNMAYPPPNFQPQGQLHHQMNAGQLHQIQQQQQQCQQIQHQPPQQHQQVINGQVMNQQNQRNQVNSYPQQNGAGRGQNRQPMMYQMPCNSGPTAKPPPLMNQMQNRCMTNNGQNYQNRNMQQQGQQRSYSSQPQNGQFYQNGNSNQNNPNNGRKQQHQPQQQQNKSGKFGQNRNDMQKNNYQPNLQQPPMSQNPIPFGCPPRNVNAIREQHANNGSPNTGAGILGPHPMMSASQWPALQQNRPQ
O01498,MKKQKSFPMSAYEDLLGKITAPTITVENWEGILAFCDMINNDFEGSKTGIKSLRKRLNNRDPHVVLLAISVLDSCWANCEERFRKEVSSAQFINELKALCTSSQRQVAEKMRLTVQKWVDTECKTEQSLSLIVTLHKNLVADGYSFVVDDPKSKTKAIDAKFANDPNYVGSAQEEEAIAKAIAASLADAEKQEKAKKSTSTMYPSAKASSPAVQTNSNIPEKNVRALYDFEAAESNELSFVAGDIITITDESNPHWWTGRIGTQQGLFPSSFVTNQLDDLKSKETDSSQKAPEVVASINEAILVRCLQVLHECDPTGERQDPEDLAQLEAASYAQGNLIDAHLASIDRQSNSLAQIDVAIRDVLALYDDAIQKGGFQHQSQGMYQQPMQQYNYQQPPNRAYYPPTGPVQQQQPQQYPPQHYPAPGAQPQYACPPNSVPQPQQQQQQWPAPSSQPQQY
A1YQ93,MRTLILLGILGATMSAPLIPQHLMSASNSNELLLNLNNAQLRPLQLQGPFNSWFPPFPGILQQQQQNQVPGLSPFSLSTREWFAGLVPNQIFVPGQVSFAQGTQAGQLDPSQPQTPQQTQRGPKNVMPSVFFKMPQEQAQMLQYYPVYMFLPWEQPQQTVAQSPPQTREQLFEKQMPFYTEFGYIPQQVEPVMPVEQQQPVFDPFLGTAPEIAAMPAEVSPYLQKEMINFQHTNAGIFIPSTSQKPSTTIFFTSAVDPIITRELTEKKAKTDSLKEP
Q5RCU2,MAAFGILSYEHRPLKRPRLGPPDVYPQDPKQKEDELTALNVKQGFNNQPAVSGDEHGSAKNVSFNPAKISSNFSSIIAEKLRCNTLPDTGRRKPQVNQKDNFWLVTARSQSAINTWFTDLAGTKPLTQLAKKVPIFSKKEEVFGYLAKYTVPVMRAAWLIKMTCAYYAAISETKVKKRHVDPFMEWTQIITKYLWEQLQKMAEYYRPGPAGSGGCGSTIGPLPHDVEVAIRQWDYTEKLAMFMFQDGMLDRHEFLTWVLECFEKIRPGEDELLKLLLPLLLRYSGEFVQSAYLSRRLAYFCTRRLALQLDGVSSHSSHVISAQSTSTLPTTPAPQPPTSSTPSTPFSDLLMCPQHRPLVFGLSCILQTILLCCPSALVWHYSLTDSRIKTGSPLDHLPIAPSNLPMPEGNSAFTQQVRAKLREIEQQIKERGQAVEVRWSFDKCQEATAGFTIGRVLHTLEVLDSHSFERSDFSNSLDSLCNRIFGLGPSKDGHEISSDDDAVVSLLCEWAVSCKRSGRHRAMVVAKLLEKRQAEIEAERCGESEAADEKGSIASGSLSAPSAPIFQDVLLQFLDTQAPMLTDPRSESERVEFFNLVLLFCELIRHDVFSHNMYTCTLISRGDLAFGAPGPRPPSPFDDPADDPEHKEAEGSSSSKLEDPGLSESMDIDPSSSVLFEDMEKPDFSLFSPTMPCEGKGSPSPEKPDVEKEVKPPPKEKIEGTLGVLYDQPRHVQYATHFPIPQEESCSHECNQRLVVLFGVGKQRDDARHAIKKITKDILKVLNRKGTAETDQLAPIVPLNPGDLTFLGGEDGQKRRRNRPEAFPTAEDIFAKFQHLSHYDQHQVTAQVSRNVLEQITSFALGMSYHLPLVQHVQFIFDLMEYSLSISGLIDFAIQLLNELSVVEAELLLKSSDLVGSYTTSLCLCIVAVLRHYHACLILNQDQMAQVFEGLCGVVKHGMNRSDGSSAERCILAYLYDLYTSCSHLKNKFGELFSDFCSKVKNTIYCNVEPSESNMRWAPEFMIDTLENPAAHTFTYTGLGKSLSENPANRYSFVCNALMHVCVGHHDPDRVNDIAILCAELTGYCKSLSAEWLGVLKALCCSSNNGTCGFNDLLCNVDVSDLSFHDSLATFVAILIARQCLLLEDLIRCAAIPSLLNAACSEQDSEPGARLTCRILLHLFKTPQLNPCQSDGNKPTVGIRSSCDRHLLAASQNRIVDGAVFAVLKAVFVLGDAELKGSGFTVTGGTEELPEEEGGGGSGGRRQGGRNISVETASLDVYAKYVLRSICQQEWVGERCLKSLCEDSNDLQDPVLSSAQAQRLMQLICYPHRLLDNEDGENPQRQRIKRILQNLDQWTMRQSSLELQLMIKQTPNNEMNSLLENIAKATIEVFQQSAETGSSSGSTASNMPSSSKTKPVLSSLERSGVWLVAPLIAKLPTSVQGHVLKAAGEELEKGQHLGSSSRKERDRQKQKSMSLLSQQPFLSLVLTCLKGQDEQREGLLTSLYSQVHQIVNNWRDDQYLDDCKPKQLMHEALKLRLNLVGGMFDTVQRSTQQTTEWAMLLLEIIISGTVDMQSNNELFTTVLDMLSVLINGTLAADMSSISQGSMEENKRAYMNLAKKLQKELGERQSDSLEKVRQLLPLPKQTRDVITCEPQGSLIDTKGNKIAGFDSIFKKEGLQVSTKQKISPWDLFEGLKPSAPLSWGWFGTVRVDRRVARGEEQQRLLLYHTHLRPRPRAYYLEPLPLPPEDEEPPAPTLLEPEKKAPEPPKTDKPGAAPPSTEERKKKSTKGKKRSQPATKTEDYGMGPGRSGPYGVTVPPDLLHHPNPGSITHLNYRQGSIGLYTQNQPLPAGGPRVDPYRPVRLPMQKLPTRPTYPGVLPTTMTGVMGLEPSSYKTSVYRQQQPAVPQGQRLRQQLQAKIQSQGMLGQSSVHQMTPSSSYGLQTSQGYTPYVSHVGLQQHTGPAGTMVPPSYSSQPYQSTHPSTNPTLVDPTRHLQQRPSGYVHQQAPTYGHGLTSTQRFSHQTLQQTPMISTMTPMSAQGVQAGVRSTAILPEQQQQQQQQQQQQQQQQQQQQQQQQQQYHIRQQQQQQILRQQQQQQQQQQQQQQQQQQQQQQQQQQQHQQQQQQQAAPPQPQPQSQPQFQRQGLQQTQQQQQTAALVRQLQQQLSNTQPQPSTNIFGRY
Q75DE9,GAVTKWDEVKKPSKKDRQQKEPAGDVEHIHAGSAAAAFGASAQAQGAPASLQRSHHSAGHQNNAKPYQRQSKYSNSPRQGKQQHQRKEKVAKENLKPAGQPAKSTASSTSWAAMLSKKEDSKLQAPEQQLEEQPQAQSQAQQTEEPVAKESQTEKKVGPQPVAAPLHEEQDSKPKKMTWAAIASKPPKHAENASKKPQEILQNVQDLKKEINKIATEDTAVEHSETTVTHSEVGVNAQAEHESFPIEDGARSVGADDTYYAENVDATNEDAAATVNGNAPAASEEAAAQEDASNANANVPVSLPAEANHQASQQVSFGSEEKQQTPQQPSQQGGMHAGQHVVSQVPQSAQHSSQAAAQTSQQVASQAPQQQTPQQAYYQDTYTQQLPQQQAQAAQAQQYYMNQYQFPGYSYPGMFDSQSAYPVYNHQQFAVPQQGQPTAQSSQNSQQAQSQSQQQQQQQQQQQQQQQQQQQQQQQQQQQYGIPPGYVQAGELAAQSPASTHTQPQQQPQYGGYGMPYYFYQQSFPYAQPQYGMAGQYPYQVPKAAYNYYQPQQMSQAGNQATHQSQSSQNDDSSSASAANPQQGQQGGANSQQQSQAAAAQAQAAAQAQFQQYYQFQQQAAANQQGMPYGYSGYDYTSQTSRGFY
Q6BRB3,MSTQRKAYKNHSKRFSNNSSSSSNNNSSSTELTSLLEMFPDWESDDLSSLLAEHNNILEVVIDLIVNNKVSKWEPIKKEAKNKKKEKENDEFVNVPNTNVTSNNTTHTSSADHGHKLNKYHKEAHPSNSKSKFSSKGPHNKKPNPKFNGKDSSPTAPTTSTSTSTSGATSVPSSNSWAAALSKDGVKVNNKSHKESDSQPETELEPEPEPEPVAQAGEEHEIIIEQTTTVIESTETPTSTTKPVLKEATVPQPKQGSWASAITPKPKSKPRTKQALSGSQEESFESKGQFEQAQEEPVEAIIIEETTTTIPAESISSEETIEQPAQVVLPTSSQPLSSVGVSFGSLSLGDEEKESQPEQTTEEISAPVGEQSQQQQQQRYGLYNNQNQNQNQNRYNQQIYQQQQQHAQQQHAQQQQQQQPQQSQQSQQPQQPQQPQQPQQPQQPQQPQQPQQQPQQPQQPQQQYNQSKQQQQQQQQQYDYYNQFQQSQYPQQGSQTLPGAQFGVYPGMDYSAYNQQAAAAVVSSPAASPAATANYAQYAQAASQPPSSGAQEGNVAAQSPITSQINPNTLQQQVPAAPFGYPYYNYYYNTPFYGNGAGLGAQGGFGNVAAAQGTPTSNSNVTPNSGVNSGFMGVGNTGASQYYGQPNQFGNRYPGYNSYPQPGQAQSAQSGNPSNNQSGSVPASQGEANDSSSASNQAGNPQSQIPQQSQQPQQPGIPQYGGYQQYPQYGGYQDNNQYRGWY
P0CZ09,WQASGCQLMRQQCCQPLAQISEQARCHAVCGVAQVIMRQQQGQSFGQPQQQQGQSFSQPQQQVPIEIRRMVLQTLPSMCNVNIPQYCTTTPCSTITQTPYNVPMATTCVGGTC
Q54NF3,MDDQLIDRSYFTTLYKQIRLQEFLEVAHTILQDRLENGFGKTVKGVPLGCLPVELFREHFSTFRYWRSYTKERPAFINNEKVMVQHLYFTFNARSGFPTLSSGKEWVKKKVEKKDSNNPADVAIHEYQKVTFIISIRDTRVECDFKMATNTPGSEQAQQQQQQQQQQQLGDIPIKQQITSSNNSGNSQQQQPQQQQQQQQQQQQQQQQPQQQQQQQQPQQQQHLQQQHQQQVQQLQQQQLQQQQLQQQQLQQQQLQQQQLQQPQLQQMQQPQQQQQQQQPQYTPQQLMQFQQMQQAQQQQQQAQQLQQQMGSSPTHSSPTIKQEGLTGYTQIPQGGIINTNTNLNGTGGVSPNQPMPNSSPILPTNASSVVPPVVSPPLPTSNNNSNNLGTTSPQQSNSSEISHQPIVPLNP
DP00904,EKEIDEGALYIVSNKKLFKKLKNKNPNLKVVCTEGMLDIEDMRAIGVPEKALEGLKKKVEIARKNVERFIEKYKPEKIFVVVEDDKDELLYLRAKNLYNAEKLDADEILD
DP00260,MPLNVSFTNRNYDLDYDSVQPYFYCDEEENFYQQQQQSELQPPAPSEDIWKKFELLPTPPLSPSRRSGLCSPSYVAVTPFSLRGDNDGGGGSFSTADQLEMVTELLGGDMVNQSFICDPDDETFIKNIIIQDCMWSGFSAAAKLVSEKLASYQAARKDSGSPNPARG
DP00944,MADNEEDVEAEEEYTELTDISGVGPSKAESLREAGFESVEDVRGADQSALADVSGIGNALAARIKADVGGLEVESETEAEVEEEGGEEAPDEDV
DP00839,PMPGALGASGSSGHELSALGGEGGLQSLLGNMSHSQLMQLIGPAGLGGLGGLGALTGPGLASLLGSSGPPGSSSSSSSRSQSAAVTPSSTTSSTRATPAPSAPAAASATSPSPAPSSGNGA
DP00980,SGKAVAKEDRTTTPYMTKYERARILGTRALQISMNAPVLVDLEGETDPLQIAMKELAQKKIPLLVRRYLPDGSYEDWSVAELI
DP01103,AEAESLTSAQKAKAEEKKRRKMSKGLPDKSEEEKSTMAKKLEQKPKGEGIPTTAKLKIDEFESNVNEVKDPYPSADFPGDDEEDEPEIPLSPRPRPLAELQLKEKAVPIPEASSFFIFSPT
DP00700,MDKLDLVNDGLDIIDFIQKNQKEIQKTYGRSSIQQPSTKDRTRAWEDFLQSTSGEHEQAEGGMPKNDGGTEGRNVEDLSSVTSSDGTIGQRVSNTRAWAEDPDDIQLDPMVTDVVYHDHGGECTGHGPSSSPERGWSYHMSGTHDGNVRAVPDTKVLPNAPKTTVPEEVREIDLIGLEDKFASAGLNPAAVPFVPKNQSTPTEEPPVIPEYYYGSGRRGDLSKSPPRGNVNLDSIKIYTSDDEDENQLEYEDEFAKSSSEVVIDTTPEDNDSINQEEVVGDPSDQGLEHPFPLGKFPEKEETPDVRRKDSLMQDSCKRGGVPKRLPMLSEEFECSGSDDPIIQELEREGSHPGGSLRLREPPQSSGNSRNQPDRQLKTGDAASPGGVQRPGTPMPKSRIMPIKK
DP00190,AATPAPAAEMPGITIISASQTGNARRVAEALRDDLLAAKLNVKLVNAGDYKFKQIASEKLLIVVTSTQGEGEPPEEAVALHKFLFSKKAPKLENTAFAVFSLGDSSYEFFCQSGKDFDSKLAELGGERLLDRVDADVEYQAAASEWRARVVDALKSRAPVAAPSQSVATGAVN
DP00047,AAQKRPSQRSKYLASASTMDHARHGFLPRHRDTGILDSLGRFFGSDRGAPKRGSGKDGHHAARTTHYGSLPQKAQGHRPQDENPVVHFFKNIVTPRTPPPSQGKGRGLSLSRFSWGAEGQKPGFGYGGRASDYKSAHKGLKGHDAQGTLSKIFKLGGRDSRSGSPMARR
DP001039,RLGRVGRFKKGVALRIGHTEKGIIEIPSMIATEAALACFAYNLPVMTGGVSTSLIGNCTVRQVKTMQQFELSPFFIQNFVAHDGSMHPVIHDILKKYKLRDCMTPLCDQSIPYRASSTWLSVSEYERLGVALEIPKQVKIAFHIKEIPPKLHEMLWETVVKYKDVCLFPSIRASSISKIAYTLRTDLFAIPRTLILVERLLEEERVKQSQFRSLIDEGCSSMFSIVNLTNTLRARYAKDYTADNIQKLEKVRSQLKEFSNLDGSACEENLIKRYESLQFVHHQAATSLAKDLKLKGTWKKSLVAKDLIIAGAVAIGGIGLIYSWFTQSVETVSHQGKNKSKRIQALKFRHARDKRAGFEIDNNDDTIEEFFGSAYRKKGKGKGTTVGMGKSSRRFINMYGFDPTEYSFIQFVDPLTGAQIEENVYADIRDIQERFSEVRKKMVENDDIEMQALGSNTTIHAYFRKDWSDKALKIDLMPHNPLKVCDKTNGIAKFPERELELRQTGPAVEVDVKDIPAQEVEHEAKSLMRGLRDFNPIAQTVCRLKVSVEYGTSEMYGFGFGAYIIANHHLFRSYNGSMEVRSMHGTFRVKNLHS
Q9SKN5,MEQEKSLDPQLWHACAGSMVQIPSLNSTVFYFAQGHTEHAHAPPDFHAPRVPPLILCRVVSVKFLADAETDEVFAKITLLPLPGNDLDLENDAVLGLTPPSSDGNGNGKEKPASFAKTLTQSDANNGGGFSVPRYCAETIFPRLDYSAEPPVQTVIAKDIHGETWKFRHIYRGTPRRHLLTTGWSTFVNQKKLIAGDSIVFLRSESGDLCVGIRRAKRGGLGSNAGSDNPYPGFSGFLRDDESTTTTSKLMMMKRNGNNDGNAAATGRVRVEAVAEAVARAACGQAFEVVYYPRASTPEFCVKAADVRSAMRIRWCSGMRFKMAFETEDSSRISWFMGTVSAVQVADPIRWPNSPWRLLQVAWDEPDLLQNVKRVSPWLVELVSNMPTIHLSPFSPRKKIRIPQPFEFPFHGTKFPIFSPGFANNGGGESMCYLSNDNNNAPAGIQGARQAQQLFGSPSPSLLSDLNLSSYTGNNKLHSPAMFLSSFNPRHHHYQARDSENSNNISCSLTMGNPAMVQDKKKSVGSVKTHQFVLFGQPILTEQQVMNRKRFLEEEAEAEEEKGLVARGLTWNYSLQGLETGHCKVFMESEDVGRTLDLSVIGSYQELYRKLAEMFHIEERSDLLTHVVYRDANGVIKRIGDEPFSDFMKATKRLTIKMDIGGDNVRKTWITGIRTGENGIDASTKTGPLSIFA
Q9ZPY6,MSQTSLEPLIISIIKLQILQLWLKLIAVGWNLGSNDDELYTELWKACAGPLVEVPRYGERVFYFPQGHMEQLVASTNQGVVDQEIPVFNLPPKILCRVLSVTLKAEHETDEVYAQITLQPEEDQSEPTSLDPPLVEPAKPTVDSFVKILTASDTSTHGGFSVLRKHATECLPSLDMTQPTPTQELVARDLHGYEWRFKHIFRGQPRRHLLTTGWSTFVTSKRLVAGDAFVFLRGETGDLRVGVRRLAKQQSTMPASVISSQSMRLGVLATASHAVTTTTIFVVFYKPRISQFIISVNKYMMAMKNGFSLGMRYRMRFEGEESPERIFTGTIIGSGDLSSQWPASKWRSLQIQWDEPSSIQRPNKVSPWEIEPFSPSALTPTPTQQQSKSKRSRPISEITGSPVASSFLSSFSQSHESNPSVKLLFQDPATERNSNKSVFSSGLQCKITEAPVTSSCRLFGFDLTSKPASATIPHDKQLISVDSNISDSTTKCQDPNSSNSPKEQKQQTSTRSRIKVQMQGTAVGRAVDLTLLRSYDELIKELEKMFEIEGELSPKDKWAIVFTDDEGDRMLVGDDPWNEFCKMAKKLFIYPSDEVKKMRSKSLLGDKGTIVNLESDQRTVHV
Q9C8N7-1,MESGNIVNAQPELSGIIDGSKSYMYEQLWKLCAGPLCDIPKLGEKIYYFPQGNIELVEASTREELNELKPICDLPSKLQCRVIAIQLKVENNSDETYAEITLMPDTTQVVIPTQNENQFRPLVNSFTKVLTASDTSGGFFVPKKHAIECLPPLDMSQPLPTQELLATDLHGNQWRFNHNYRGTPQRHLLTTGWNAFTTSKKLVAGDVIVFVRGETGELRVGIRRAGHQQGNIPSSIISIESMRHGVIASAKHAFDNQCMFIVVYKPRSSQFIVSYDKFLDAVNNKFNVGSRFTMRFEGDDFSERRYFGTIIGVSDFSPHWKCSEWRNLEVQWDEFASFSRPNKVSPWEIEHLMPALNVPRPSLLKNKRLREVNEIGSSSSHLLPPILTQGQEIGQLSVASPMNISLTYRDTTEDVMNPSRLLMSYPVQPMPKLNYNNQMVTQIEENITTKTGTNFRLFGVSLVTPSVIKDPIEEIGSEISKLTEGKKFGQSQTLRSPTEIQSKQFSSTRTCTKVQMQGVTIERAVDLSVLNGYDQLILELEELFDLKGQLQTRNQWEIAFTDSDDDKMLVGDDPWPEFCNMVKKILIFKRGGQKLEVQ
Q9FGV1-1,MKLSTSGLGQQGHEGEKCLNSELWHACAGPLVSLPSSGSRVVYFPQGHSEQVAATTNKEVDGHIPNYPSLPPQLICQLHNVTMHADVETDEVYAQMTLQPLTPEEQKETFVPIELGIPSKQPSNYFCKTLTASDTSTHGGFSVPRRAAEKVFPPLDYTLQPPAQELIARDLHDVEWKFRHIFRGQPKRHLLTTGWSVFVSAKRLVAGDSVIFIRNEKNQLFLGIRHATRPQTIVPSSVLSSDSMHIGLLAAAAHASATNSCFTVFFHPRASQSEFVIQLSKYIKAVFHTRISVGMRFRMLFETEESSVRRYMGTITGISDLDSVRWPNSHWRSVKVGWDESTAGERQPRVSLWEIEPLTTFPMYPSLFPLRLKRPWHAGTSSLPDGRGDLGSGLTWLRGGGGEQQGLLPLNYPSVGLFPWMQQRLDLSQMGTDNNQQYQAMLAAGLQNIGGGDPLRQQFVQLQEPHHQYLQQSASHNSDLMLQQQQQQQASRHLMHAQTQIMSENLPQQNMRQEVSNQPAGQQQQLQQPDQNAYLNAFKMQNGHLQQWQQQSEMPSPSFMKSDFTDSSNKFATTASPASGDGNLLNFSITGQSVLPEQLTTEGWSPKASNTFSEPLSLPQAYPGKSLALEPGNPQNPSLFGVDPDSGLFLPSTVPRFASSSGDAEASPMSLTDSGFQNSLYSCMQDTTHELLHGAGQINSSNQTKNFVKVYKSGSVGRSLDISRFSSYHELREELGKMFAIEGLLEDPLRSGWQLVFVDKENDILLLGDDPWESFVNNVWYIKILSPEDVHQMGDHGEGSGGLFPQNPTHL
Q9ZTX8,MRLSSAGFNPQPHEVTGEKRVLNSELWHACAGPLVSLPPVGSRVVYFPQGHSEQVAASTNKEVDAHIPNYPSLHPQLICQLHNVTMHADVETDEVYAQMTLQPLNAQEQKDPYLPAELGVPSRQPTNYFCKTLTASDTSTHGGFSVPRRAAEKVFPPLDYSQQPPAQELMARDLHDNEWKFRHIFRGQPKRHLLTTGWSVFVSAKRLVAGDSVLFIWNDKNQLLLGIRRANRPQTVMPSSVLSSDSMHLGLLAAAAHAAATNSRFTIFYNPRASPSEFVIPLAKYVKAVYHTRVSVGMRFRMLFETEESSVRRYMGTITGICDLDPTRWANSHWRSVKVGWDESTAGERQPRVSLWEIEPLTTFPMYPSPFPLRLKRPWPPGLPSFHGLKEDDMGMSMSSPLMWDRGLQSLNFQGMGVNPWMQPRLDTSGLLGMQNDVYQAMAAAALQDMRGIDPAKAAASLLQFQNSPGFSMQSPSLVQPQMLQQQLSQQQQQLSQQQQQQQQLSQQQQQQLSQQQQQQLSQQQQQQLSQQQQQQAYLGVPETHQPQSQAQSQSNNHLSQQQQQVVDNHNPSASSAAVVSAMSQFGSASQPNTSPLQSMTSLCHQQSFSDTNGGNNPISPLHTLLSNFSQDESSQLLHLTRTNSAMTSSGWPSKRPAVDSSFQHSGAGNNNTQSVLEQLGQSHTSNVPPNAVSLPPFPGGRECSIEQEGSASDPHSHLLFGVNIDSSSLLMPNGMSNLRSIGIEGGDSTTLPFTSSNFNNDFSGNLAMTTPSSCIDESGFLQSSENLGSENPQSNTFVKVYKSGSFGRSLDISKFSSYHELRSELARMFGLEGQLEDPVRSGWQLVFVDRENDVLLLGDDPWPEFVSSVWCIKILSPQEVQQMGKRGLELLNSAPSSNNVDKLPSNGNCDDFGNRSDPRNLGNGIASVGGSFNY
Q9C5W9-1,MASVEGDDDFGSSSSRSYQDQLYTELWKVCAGPLVEVPRAQERVFYFPQGHMEQLVASTNQGINSEEIPVFDLPPKILCRVLDVTLKAEHETDEVYAQITLQPEEDQSEPTSLDPPIVGPTKQEFHSFVKILTASDTSTHGGFSVLRKHATECLPSLDMTQATPTQELVTRDLHGFEWRFKHIFRGQPRRHLLTTGWSTFVSSKRLVAGDAFVFLRGENGDLRVGVRRLARHQSTMPTSVISSQSMHLGVLATASHAVRTTTIFVVFYKPRISQFIVGVNKYMEAIKHGFSLGTRFRMRFEGEESPERIFTGTIVGSGDLSSQWPASKWRSLQVQWDEPTTVQRPDKVSPWEIEPFLATSPISTPAQQPQSKCKRSRPIEPSVKTPAPPSFLYSLPQSQDSINASLKLFQDPSLERISGGYSSNNSFKPETPPPPTNCSYRLFGFDLTSNSPAPIPQDKQPMDTCGAAKCQEPITPTSMSEQKKQQTSRSRTKVQMQGIAVGRAVDLTLLKSYDELIDELEEMFEIQGQLLARDKWIVVFTDDEGDMMLAGDDPWNEFCKMAKKIFIYSSDEVKKMTTKLKISSSLENEEYGNESFENRSRG
Q94JM3-1,MASSEVSMKGNRGGDNFSSSGFSDPKETRNVSVAGEGQKSNSTRSAAAERALDPEAALYRELWHACAGPLVTVPRQDDRVFYFPQGHIEQVEASTNQAAEQQMPLYDLPSKLLCRVINVDLKAEADTDEVYAQITLLPEANQDENAIEKEAPLPPPPRFQVHSFCKTLTASDTSTHGGFSVLRRHADECLPPLDMSRQPPTQELVAKDLHANEWRFRHIFRGQPRRHLLQSGWSVFVSSKRLVAGDAFIFLRGENGELRVGVRRAMRQQGNVPSSVISSHSMHLGVLATAWHAISTGTMFTVYYKPRTSPSEFIVPFDQYMESVKNNYSIGMRFKMRFEGEEAPEQRFTGTIVGIEESDPTRWPKSKWRSLKVRWDETSSIPRPDRVSPWKVEPALAPPALSPVPMPRPKRPRSNIAPSSPDSSMLTREGTTKANMDPLPASGLSRVLQGQEYSTLRTKHTESVECDAPENSVVWQSSADDDKVDVVSGSRRYGSENWMSSARHEPTYTDLLSGFGTNIDPSHGQRIPFYDHSSSPSMPAKRILSDSEGKFDYLANQWQMIHSGLSLKLHESPKVPAATDASLQGRCNVKYSEYPVLNGLSTENAGGNWPIRPRALNYYEEVVNAQAQAQAREQVTKQPFTIQEETAKSREGNCRLFGIPLTNNMNGTDSTMSQRNNLNDAAGLTQIASPKVQDLSDQSKGSKSTNDHREQGRPFQTNNPHPKDAQTKTNSSRSCTKVHKQGIALGRSVDLSKFQNYEELVAELDRLFEFNGELMAPKKDWLIVYTDEENDMMLVGDDPWQEFCCMVRKIFIYTKEEVRKMNPGTLSCRSEEEAVVGEGSDAKDAKSASNPSLSSAGNS
Q9C8N9,MESGNIVNAQPKLSGIIDGSKSYMYEQLWKLCAGPLCDIPKLGENVYYFPQGNIELVQASTREELNELQPICDLPSKLQCRVIAIHLKVENNSDEIYAEITLMPDTTQVVIPTQSENRFRPLVNSFTKVLTASDTSAYGGFSVPKKHAIECLPPLDMSQPLPAQEILAIDLHDNQWRFRHNYRGTPQRHSLTTGWNEFITSKKLVKGDVIVFVRGETGELRVGIRRARHQQGNIPSSIVSIDCMRHGVIASAKHAFDNQCIFIVVYKPRSSQFIVSYDKFLDAVNNKFNVGSRFTMRFEGDDFSERRYFGTIIGVSDFSPHWKCSEWRSLEVQWDEFASFSRPNKVSPWEIEHLVPALNVPRSSLLKNKRLREVNEFGSSSSHLLPPILTQGQEIGQLSVASPMNISLRYRDTTEAAMNPSRLLMSYPVQPMPKLNYNNQMVTQIEENITTKAGTNFRLFGVTLDTPPMIKDPIKQIGSDISKLTERKKFGQSQTLRSPIEIQSKQFSSSRTCTKVQMQGVTIGRAVDLSVLNGYDQLILELEKLFDIKGQLQTRNQWKIAFTDSDGYEMLVGDDPWPEFCKMVKKILIYSKEEVKNLKSSKSLSS
P93024,MMASLSCVEDKMKTSCLVNGGGTITTTTSQSTLLEEMKLLKDQSGTRKPVINSELWHACAGPLVCLPQVGSLVYYFSQGHSEQVAVSTRRSATTQVPNYPNLPSQLMCQVHNVTLHADKDSDEIYAQMSLQPVHSERDVFPVPDFGMLRGSKHPTEFFCKTLTASDTSTHGGFSVPRRAAEKLFPPLDYSAQPPTQELVVRDLHENTWTFRHIYRGQPKRHLLTTGWSLFVGSKRLRAGDSVLFIRDEKSQLMVGVRRANRQQTALPSSVLSADSMHIGVLAAAAHATANRTPFLIFYNPRACPAEFVIPLAKYRKAICGSQLSVGMRFGMMFETEDSGKRRYMGTIVGISDLDPLRWPGSKWRNLQVEWDEPGCNDKPTRVSPWDIETPESLFIFPSLTSGLKRQLHPSYFAGETEWGSLIKRPLIRVPDSANGIMPYASFPSMASEQLMKMMMRPHNNQNVPSFMSEMQQNIVMGNGGLLGDMKMQQPLMMNQKSEMVQPQNKLTVNPSASNTSGQEQNLSQSMSAPAKPENSTLSGCSSGRVQHGLEQSMEQASQVTTSTVCNEEKVNQLLQKPGASSPVQADQCLDITHQIYQPQSDPINGFSFLETDELTSQVSSFQSLAGSYKQPFILSSQDSSAVVLPDSTNSPLFHDVWDTQLNGLKFDQFSPLMQQDLYASQNICMSNSTTSNILDPPLSNTVLDDFCAIKDTDFQNHPSGCLVGNNNTSFAQDVQSQITSASFADSQAFSRQDFPDNSGGTGTSSSNVDFDDCSLRQNSKGSSWQKIATPRVRTYTKVQKTGSVGRSIDVTSFKDYEELKSAIECMFGLEGLLTHPQSSGWKLVYVDYESDVLLVGDDPWEEFVGCVRCIRILSPTEVQQMSEEGMKLLNSAGINDLKTSVS
P93022,MKAPSSNGVSPNPVEGERRNINSELWHACAGPLISLPPAGSLVVYFPQGHSEQVAASMQKQTDFIPSYPNLPSKLICMLHNVTLNADPETDEVYAQMTLQPVNKYDRDALLASDMGLKLNRQPNEFFCKTLTASDTSTHGGFSVPRRAAEKIFPALDFSMQPPCQELVAKDIHDNTWTFRHIYRGQPKRHLLTTGWSVFVSTKRLFAGDSVLFIRDGKAQLLLGIRRANRQQPALSSSVISSDSMHIGVLAAAAHANANNSPFTIFYNPRAAPAEFVVPLAKYTKAMYAQVSLGMRFRMIFETEECGVRRYMGTVTGISDLDPVRWKNSQWRNLQIGWDESAAGDRPSRVSVWDIEPVLTPFYICPPPFFRPRFSGQPGMPDDETDMESALKRAMPWLDNSLEMKDPSSTIFPGLSLVQWMNMQQQNGQLPSAAAQPGFFPSMLSPTAALHNNLGGTDDPSKLLSFQTPHGGISSSNLQFNKQNQQAPMSQLPQPPTTLSQQQQLQQLLHSSLNHQQQQSQSQQQQQQQQLLQQQQQLQSQQHSNNNQSQSQQQQQLLQQQQQQQLQQQHQQPLQQQTQQQQLRTQPLQSHSHPQPQQLQQHKLQQLQVPQNQLYNGQQAAQQHQSQQASTHHLQPQLVSGSMASSVITPPSSSLNQSFQQQQQQSKQLQQAHHHLGASTSQSSVIETSKSSSNLMSAPPQETQFSRQVEQQQPPGLNGQNQQTLLQQKAHQAQAQQIFQQSLLEQPHIQFQLLQRLQQQQQQQFLSPQSQLPHHQLQSQQLQQLPTLSQGHQFPSSCTNNGLSTLQPPQMLVSRPQEKQNPPVGGGVKAYSGITDGGDAPSSSTSPSTNNCQISSSGFLNRSQSGPAILIPDAAIDMSGNLVQDLYSKSDMRLKQELVGQQKSKASLTDHQLEASASGTSYGLDGGENNRQQNFLAPTFGLDGDSRNSLLGGANVDNGFVPDTLLSRGYDSQKDLQNMLSNYGGVTNDIGTEMSTSAVRTQSFGVPNVPAISNDLAVNDAGVLGGGLWPAQTQRMRTYTKVQKRGSVGRSIDVNRYRGYDELRHDLARMFGIEGQLEDPQTSDWKLVYVDHENDILLVGDDPWEEFVNCVQSIKILSSAEVQQMSLDGNFAGVPVTNQACSGGDSGNAWRGHYDDNSATSFNR
A2_construct,SNASGLSRVLQGQEYSTLRTKHTESVECDAPENSVVWQSSADDDKVDVVSGSRRYGSENWMSSARHEPTYTDLLSGFGTNIDPSHGQRIPFY
A5_construct,SNASSPVQADQCLDITHQIYQPQSDPINGFSFLETDELTSQVSSFQSLAGSYKQPFILSSQDSSAVVLPDSTNSPLFHDVWDTQLNGLKFDQFSP
A7_construct,SNASKQLQQAHHHLGASTSQSSVIETSKSSSNLMSAPPQETQFSRQVEQQQPPGLNGQNQQTLLQQKAHQAQAQQIFQQSLLEQPHIQFQLLQR
A17.1_construct,SNASGDDGEILYPQSGLSSAAAPDPSPSMFSYSTFPAGMQGARQYDFGSFNPTGFIGGNPPQLFTNNFLSPLPDLGKVSTEMMNFGSPPSDN
A17.2_construct,SNAPSDNLSPNSNTTNLSSGNDLVGNRGPLSKKVNSIQLFGKIITVEEHSESGPAESGLCEEDGSKESSDNETQLSLSHAPPSVPKHSNSNAGSSSQGIFRSLS